test_id;usuario;acceso;provincia;poblacion;nombre_via;idioma
Med01;eferrando;Innova;Valencia;Burjassot;Jorge Juan;Castellano
Med02;eferrando;Innova;Valencia;Burjassot;Jorge Juan;Castellano
Med03;eferrando;Innova;Valencia;Burjassot;Jorge Juan;Castellano
Med04;eferrando;Innova;Valencia;Burjassot;Jorge Juan;Castellano
Med05;eferrando;Innova;Valencia;Burjassot;Jorge Juan;Castellano
Med06;eferrando;Innova;Valencia;Burjassot;Jorge Juan;Castellano
Med07;eferrando;Innova;Valencia;Burjassot;Jorge Juan;Castellano
Med08;eferrando;Innova;Valencia;Burjassot;Jorge Juan;Castellano
Med09;eferrando;Innova;Valencia;Burjassot;Jorge Juan;Castellano
Med10;eferrando;Innova;Valencia;Burjassot;Jorge Juan;Castellano
Med11;eferrando;Innova;Valencia;Burjassot;Jorge Juan;Castellano
Med12;eferrando;Innova;Valencia;Burjassot;Jorge Juan;Castellano
Med13;eferrando;Innova;Valencia;Burjassot;Jorge Juan;Castellano
Med14;eferrando;Innova;Valencia;Burjassot;Jorge Juan;Castellano
Med15;eferrando;Innova;Valencia;Burjassot;Jorge Juan;Castellano
Med16;eferrando;Innova;Valencia;Burjassot;Jorge Juan;Castellano
Med17;eferrando;Innova;Valencia;Burjassot;Jorge Juan;Castellano
Med18;eferrando;Innova;Valencia;Burjassot;Jorge Juan;Castellano
Med19;eferrando;Innova;Valencia;Burjassot;Jorge Juan;Castellano
Med20;eferrando;Innova;Valencia;Burjassot;Jorge Juan;Castellano
Med21;eferrando;Innova;Valencia;Burjassot;Jorge Juan;Castellano
Med22;eferrando;Innova;Valencia;Burjassot;Jorge Juan;Castellano
Med23;eferrando;Innova;;;;
Med24;eferrando;Innova;;;;
